{
    "courses": [
      {
        "id": 1,
        "title": "课程一",
        "chapters": [
          {
            "id": 1,
            "title": "第一章：基础知识",
            "children": [
              { "id": 101, "title": "第一节：什么是编程" },
              { "id": 102, "title": "第二节：编程语言概述" }
            ]
          }
        ]
      },
      {
        "id": 2,
        "title": "课程二",
        "chapters": [
          {
            "id": 2,
            "title": "第二章：进阶内容",
            "children": [
              { "id": 201, "title": "第一节：数据结构" },
              { "id": 202, "title": "第二节：算法基础" }
            ]
          }
        ]
      }
    ]
  }