[
  {
    "id": 1,
    "titles": "格密码",
    "description": "dsvsodvnosdavnoaidsvnoahuohnunvoqrewfadvadvavcaz去 134阿3她4512341了他他1341341415聊天2她潜伏期②24来",
    "cover": "https://tse3-mm.cn.bing.net/th/id/OIP-C.v97rSbjcdbrgDhxTGB4o0QHaE8?w=233&h=180&c=7&r=0&o=5&dpr=1.3&pid=1.7",
    "lessonNum": 10,
    "credit": 3,
    "limitCount": 40,
    "courseware": "url_to_courseware_1",
    "teacher": {
      "teacherName": "讲师一",
      "avatar": "url_to_avatar_1",
      "career": "职业一",
      "intro": "讲师一的介绍"
    },
    "chapter": [
      {
        "id": 1,
        "title": "第一章：基础知识",
        "state": 1,
        "children": [
          {
            "id": 101,
            "title": "第一节：格密码基本概述上",
            "videoSourceId": "video101"
          },
          {
            "id": 102,
            "title": "第二节：格密码基本概述下",
            "videoSourceId": "video102"
          }
        ]
      },
      {
        "id": 2,
        "title": "第二章：进阶内容",
        "state": 0,
        "children": [
          {
            "id": 201,
            "title": "第一节：数据结构",
            "videoSourceId": "video201"
          },
          {
            "id": 202,
            "title": "第二节：算法基础",
            "videoSourceId": "video202"
          }
        ]
      },
      {
        "id": 3,
        "title": "第三章：项目实战",
        "state": 0,
        "children": [
          {
            "id": 301,
            "title": "第一节：项目介绍",
            "videoSourceId": "video301"
          },
          {
            "id": 302,
            "title": "第二节：项目开发",
            "videoSourceId": "video302"
          }
        ]
      }
    ]
  },
  {
    "id": 2,
    "titles": "课程二",
    "description": "这是课程二的描述",
    "cover": "url_to_cover_image_2",
    "lessonNum": 8,
    "credit": 2,
    "limitCount": 25,
    "courseware": "url_to_courseware_2",
    "teacher": {
      "teacherName": "讲师二",
      "avatar": "url_to_avatar_2",
      "career": "职业二",
      "intro": "讲师二的介绍"
    }
  }
]